Hace 75 años Chamartín de la Rosa dejó de ser municipio para convertirse en distrito de Madrid,https://www.telemadrid.es/programas/telenoticias-1/Hace-75-anos-Chamartin-dejo-de-ser-municipio-para-convertirse-en-distrito-de-Madrid-2-2634956495--20240119025135.html,programas,2024/01/19
El Festival de Arte Sacro en Madrid que fusiona lo vanguardista con lo contemporáneo,/programas/telenoticias-1/El-Festival-de-Arte-Sacro-en-Madrid-que-fusiona-lo-vanguardista-con-lo-contemporaneo-2-2634056605--20240116031720.html,programas,2024/01/16
Carmen Machi regresa al teatro con Nuestros actos ocultos en Matadero Madrid,/programas/telenoticias-1/Carmen-Machi-regresa-al-teatro-con-Nuestros-actos-ocultos-en-Matadero-Madrid-2-2633756636--20240115032201.html,programas,2024/01/15
Javier Aunión alcalde de Lozoyuela-Navas-Sieteiglesias: Necesitamos construir vivienda e impulsar la creación de empleo,/programas/buenos-dias-madrid-om/Javier-Aunion-alcalde-de-Lozoyuela-Navas-Sieteiglesias-Necesitamos-construir-vivienda-e-impulsar-la-creacion-de-empleo-9-2635026488--20240119013057.html,programas,2024/01/19
La alcaldesa de Alcalá de Henares explica la escalada de mentiras del Gobierno en temas de inmigración,/programas/120-minutos/La-alcaldesa-de-Alcala-de-Henares-explica-la-escalada-de-mentiras-del-Gobierno-en-temas-de-inmigracion-2-2634956487--20240119122822.html,programas,2024/01/19
Al borde del precipicio así viven los vecinos,/programas/madrid-directo/Al-borde-del-precipicio-asi-viven-los-vecinos-de-Arroyomolinos-2-2634656564--20240118093938.html,programas,2024/01/18
Habla el alcalde de Morata sobre el crimen,/programas/madrid-directo/Habla-el-alcalde-de-Morata-sobre-el-crimen-de-tres-de-sus-vecinos-2-2634656562--20240118090831.html,programas,2024/01/18
Telenoticias 1  19.01.2024,/programas/telenoticias-1/Telenoticias-1-19012024-2-2634956515--20240119054537.html,programas,2024/01/19
Telenoticias 1  18.01.2024,/programas/telenoticias-1/Telenoticias-1-18012024-2-2634656553--20240118042343.html,programas,2024/01/18
Telenoticias 2 17.01.2024,/programas/telenoticias-2/Telenoticias-2-17012024-2-2634356595--20240117095924.html,programas,2024/01/17
Sábado y domingo en Madrid sin lluvia ni nevadas... pero con mucho frío,/programas/buenos-dias-madrid/Sabado-y-domingo-en-Madrid-sin-lluvia-ni-nevadas-pero-con-mucho-frio-2-2634956486--20240119022405.html,programas,2024/01/19
Un avión de carga sufre un incendio en el motor mientras volaba en Miami,/programas/buenos-dias-madrid/Un-avion-de-carga-sufre-un-incendio-en-el-motor-mientras-volaba-en-Miami-2-2634956485--20240119113205.html,programas,2024/01/19
Manuela Bergerot: Tanto Ayuso como Junts utilizan el mismo tipo de discursos racistas y xenófobos”,/programas/buenos-dias-madrid/Manuela-Bergerot-Tanto-Ayuso-como-Junts-utilizan-el-mismo-tipo-de-discursos-racistas-y-xenofobos-2-2634956484--20240119103111.html,programas,2024/01/19
Orientación laboral: ¿cuáles serán las tendencias del trabajo en 2024?,/programas/madrid-trabaja/Orientacion-laboral-cuales-seran-las-tendencias-del-trabajo-en-2024-9-2635026492--20240119053632.html,programas,2024/01/19
Aún puedes inscribirte en el programa de inserción laboral para mujeres Entrena Empleo,/programas/madrid-trabaja/Aun-puedes-inscribirte-en-el-programa-de-insercion-laboral-para-mujeres-Entrena-Empleo-9-2635026493--20240119052233.html,programas,2024/01/19
El nuevo gesto de Isa Pi a su madre,/programas/juntos/El-nuevo-gesto-de-Isa-Pi-que-tensa-la-relacion-con-su-madre-2-2634656575--20240118125347.html,programas,2024/01/18
Julián Contreras no paga el alquiler de su casa,/programas/juntos/Julian-Contreras-reconoce-no-haber-pagado-el-alquiler-de-su-casa-desde-hace-dos-anos-2-2634356599--20240117102916.html,programas,2024/01/17
El dardo de Belén Esteban a Jesulín por su cumple,/programas/juntos/El-mensaje-de-Belen-Esteban-a-Jesulin-por-su-cumpleanos-Si-hablara-no-podriais-salir-a-la-calle-2-2634356598--20240117105810.html,programas,2024/01/17
La posible casa de Isabel Pantoja,/programas/juntos/La-posible-nueva-casa-de-Isabel-Pantoja-650-metros-cuadrados-y-vecina-de-Aitana-2-2634056634--20240116091932.html,programas,2024/01/16
David Bisbal actúa por sorpresa en el Hospital de Parapléjicos de Toledo,/programas/telenoticias-2/David-Bisbal-actua-por-sorpresa-en-el-Hospital-de-Paraplejicos-de-Toledo-2-2634056628--20240116092944.html,programas,2024/01/16
Casi la mitad de las empresas españolas utilizan ya inteligencia artificial,/programas/telenoticias-1/Casi-la-mitad-de-las-empresas-espanolas-utilizan-ya-inteligencia-artificial-2-2634656542--20240118031001.html,programas,2024/01/18
Una aplicación bloqueará en España el acceso de los menores a contenidos porno en Internet,/programas/telenoticias-1/Una-aplicacion-bloqueara-en-Espana-el-acceso-de-los-menores-a-contenidos-porno-en-Internet-2-2634056592--20240116025143.html,programas,2024/01/16
Logran reducir tumores de vejiga con nanorrobots que transportan el fármaco,/programas/telenoticias-1/Logran-reducir-tumores-de-vejiga-con-nanorrobots-que-transportan-el-farmaco-2-2633756634--20240115035705.html,programas,2024/01/15
Las grandes empresas turísticas piden empoderar a los vecinos frente a los pisos turísticos,/programas/120-minutos/Las-grandes-empresas-turisticas-piden-empoderar-a-los-vecinos-frente-a-los-pisos-turisticos-2-2634656524--20240118025619.html,programas,2024/01/18
7 de cada 10 mujeres con la menopausia tienen síntomas depresivos según un estudio,/programas/120-minutos/7-de-cada-10-mujeres-con-la-menopausia-tienen-sintomas-depresivos-segun-un-estudio-2-2634656519--20240118023538.html,programas,2024/01/18
No paramos de ver acciones por parte del Gobierno que van en contra de las empresas afirma CEIM,/programas/120-minutos/No-paramos-de-ver-acciones-por-parte-del-Gobierno-que-van-en-contra-de-las-empresas-afirma-CEIM-2-2634656517--20240118010708.html,programas,2024/01/18
Una pista de pádel invade la Plaza de Colón,/programas/madrid-directo/Una-pista-de-padel-invade-la-Plaza-de-Colon-2-2634656566--20240118094935.html,programas,2024/01/18
Las aguas fecales inundan la Dehesa Vieja,/programas/madrid-directo/Las-aguas-fecales-inundan-la-Dehesa-Vieja-de-Moralzarzal-2-2634656563--20240118092902.html,programas,2024/01/18
Regresan los Premios Cygnus a la UAH,/programas/madrid-directo/Regresan-al-Paraninfo-de-la-Universidad-de-Alcala-los-Premios-Cygnus-2-2634356590--20240117104040.html,programas,2024/01/17
San Lorenzo de El Escorial celebra San Antón,/programas/madrid-directo/San-Lorenzo-de-El-Escorial-celebra-San-Anton-por-todo-lo-alto-2-2634356588--20240117100459.html,programas,2024/01/17
El San Antón más exótico,/programas/madrid-directo/El-San-Anton-mas-exotico-se-vive-en-Aldea-del-Fresno-2-2634356585--20240117090856.html,programas,2024/01/17
¿Qué enfermedades nos  transmiten los animales?,/programas/juntos/Que-enfermedades-nos-pueden-transmitir-los-animales-2-2634056632--20240116102315.html,programas,2024/01/16
Un taxista se encuentra 600 euros y lo devuelve,/programas/juntos/La-buena-accion-que-se-hizo-viral-Un-taxista-se-encuentra-600-euros-y-los-devuelve-a-su-duena-2-2634056631--20240116091949.html,programas,2024/01/16
¿A partir de que cantidad de dinero serías feliz?,/programas/juntos/A-partir-de-que-cantidad-de-dinero-serias-feliz-2-2633756660--20240115110528.html,programas,2024/01/15
Isabel Pantoja cumple 50 años en los escenarios,/programas/juntos/Isabel-Pantoja-triunfa-en-Bilbao-en-su-concierto-por-sus-50-anos-sobre-los-escenarios-2-2633756662--20240115110308.html,programas,2024/01/15
Los rituales amorosos más conocidos en España,/programas/juntos/Los-rituales-amorosos-mas-conocidos-de-Espana-2-2632556782--20240111020857.html,programas,2024/01/11
Isabel Pantoja abandona Cantora y se muda a Madrid,/programas/juntos/Isabel-Pantoja-abandonara-Cantora-y-se-mudara-a-Madrid-2-2632556785--20240111010240.html,programas,2024/01/11
¿Qué famosos han desheredado a sus hijos?,/programas/juntos/Que-famosos-han-desheredado-a-sus-hijos-2-2632256808--20240110105425.html,programas,2024/01/10
Reserva una mesa para cortar con su pareja,/programas/juntos/La-reserva-surrealista-pide-una-mesa-discreta-en-un-restaurante-para-dejar-a-su-pareja-2-2632256811--20240110105415.html,programas,2024/01/10
¿Hay peligro en el uso de cosméticos en menores?,/programas/juntos/Cosmeticorexia-Hay-peligro-en-el-uso-de-cosmeticos-en-menores-de-edad-2-2631956833--20240109110115.html,programas,2024/01/09
Detienen a un hombre por acosar a Shakira,/programas/juntos/Detienen-a-un-hombre-de-56-anos-por-acosar-a-Shakira-y-presentarse-en-su-casa-2-2631956834--20240109110108.html,programas,2024/01/09
El comunicado de Ana Obregón sobre la fundación,/programas/juntos/Ana-Obregon-lanza-un-comunicado-sobre-su-aportacion-a-la-Fundacion-Aless-Lequio-2-2631656869--20240108105942.html,programas,2024/01/08
Los momentos más virales de las Cabalgatas 2024,/programas/juntos/Estos-son-momentos-mas-virales-de-las-Cabalgatas-de-Reyes-Magos-2024-2-2631656867--20240108105915.html,programas,2024/01/08
Bangkok capital del país de las sonrisas,/programas/madrilenos-por-el-mundo/Bangkok-capital-del-pais-de-las-sonrisas-2-2632256802--20240110113000.html,programas,2024/01/10
El Wat Samphran y su torre rodeada por un dragón gigante,/programas/madrilenos-por-el-mundo/El-Wat-Samphran-y-su-torre-rodeada-por-un-dragon-gigante-2-2633156659--20240113113000.html,programas,2024/01/13
Madrileños por el mundo recorre la Costa de Polonia,/programas/madrilenos-por-el-mundo/Madrilenos-por-el-mundo-recorre-la-Costa-de-Polonia-2-2629857028--20240102113000.html,programas,2024/01/02
Estas son las 5 ciudades españolas donde mejor se conduce,/programas/disfruta-madrid/Estas-son-las-5-ciudades-espanolas-donde-mejor-se-conduce-2-2634956524--20240119071105.html,programas,2024/01/19
Disfruta Madrid 18.01.2024,/programas/disfruta-madrid/Disfruta-Madrid-18012024-2-2634656569--20240118110340.html,programas,2024/01/18
Siéntete en Hogwarts sin salir de Madrid,/programas/disfruta-madrid/Sientete-en-Hogwarts-sin-salir-de-Madrid-descubre-la-biblioteca-de-las-Escuelas-Pias-de-la-UNED-2-2634656560--20240118080634.html,programas,2024/01/18
Disfruta Madrid 17.01.2024,/programas/disfruta-madrid/Disfruta-Madrid-17012024-2-2634356593--20240117100106.html,programas,2024/01/17
¿Viven los jóvenes mejor o peor que las generaciones anteriores?,/programas/disfruta-madrid/Viven-los-jovenes-mejor-o-peor-que-las-generaciones-anteriores-2-2634356589--20240117095718.html,programas,2024/01/17
Bolígrafos bastones o un usb: los ingeniosos escondites para armas en objetos cotidianos,/programas/disfruta-madrid/Boligrafos-bastones-o-un-usb-los-ingeniosos-escondites-para-armas-en-objetos-cotidianos-2-2634356587--20240117093814.html,programas,2024/01/17
Una vida de circo: Ángel Sartí  el acróbata titiritero,/programas/disfruta-madrid/Una-vida-de-circo-Angel-Sarti-el-acrobata-titiritero-2-2634356586--20240117084812.html,programas,2024/01/17
Disfruta Madrid 16.01.2024,/programas/disfruta-madrid/Disfruta-Madrid-16012024-2-2634056627--20240116102616.html,programas,2024/01/16
Ganaderas 4.0 en Alameda del Valle,/programas/disfruta-madrid/Ganaderas-40-en-Alameda-del-Valle-una-nueva-forma-de-conocer-la-Dehesa-2-2634056623--20240116100607.html,programas,2024/01/16
¿Cómo prevenir la intoxicación por monóxido en sangre?,/programas/disfruta-madrid/Como-prevenir-la-intoxicacion-por-monoxido-en-sangre-2-2634056622--20240116095126.html,programas,2024/01/16
Lo que unió McCartney ¿Lo ha desunido el tiempo?,/programas/disfruta-madrid/Lo-que-unio-Paul-McCartneyLo-ha-desunido-el-tiempo-Averiguamos-que-ha-ocurrido-con-la-pareja-viral-que-se-prometio-en-su-concierto-en-el-Calderon-2-2634056621--20240116091450.html,programas,2024/01/16
¿Te acercarías a un volcán que produce lava azul?,/programas/disfruta-madrid/Te-atreverias-a-acercarte-a-un-volcan-que-produce-lava-azul-2-2634056617--20240116084945.html,programas,2024/01/16
Ruta 179: Paracuellos de Jarama,/programas/ruta-179/Ruta-179-Paracuellos-de-Jarama-2-2626257411--20231221071300.html,programas,2023/12/21
La primera clínica especializa en aves rapaces,/programas/ruta-179/La-primera-clinica-especializa-en-aves-rapaces-de-toda-la-Peninsula-esta-en-Paracuellos-2-2632256797--20240110112300.html,programas,2024/01/10
Visitamos el cementerio de mártires de Paracuellos,/programas/ruta-179/Visitamos-el-cementerio-de-martires-de-Paracuellos-de-Jarama-2-2632856701--20240112105400.html,programas,2024/01/12
Ruta 179 Valdemorillo,/programas/ruta-179/Ruta-179-Valdemorillo-2-2624457541--20231215080300.html,programas,2023/12/15
El mejor cachopo de Valdemorillo,/programas/ruta-179/Uno-de-los-mejores-cachopos-de-Espana-esta-en-Valdemorillo-2-2630456962--20240104112900.html,programas,2024/01/04
La fábrica que se transformó en  Casa de Cultura,/programas/ruta-179/Las-Chimeneas-La-gran-fabrica-que-se-transformo-en-una-enorme-Casa-de-Cultura-2-2630456959--20240104111900.html,programas,2024/01/04
La empresa de objetos militares únicos en el mundo,/programas/ruta-179/La-empresa-de-articulos-militares-unicos-en-el-mundo-se-encuentra-en-Valdemorillo-2-2630456961--20240104111600.html,programas,2024/01/04
Ruta 179 Valdepiélagos,/programas/ruta-179/Ruta-179-Valdepielagos-2-2621457839--20231205115800.html,programas,2023/12/05
La casa del autoaprendizaje y la creatividad,/programas/ruta-179/El-laboratorio-de-musilabus-un-espacio-para-el-autoaprendizaje-y-la-creatividad-2-2628357176--20231228105100.html,programas,2023/12/28
La maqueta de Valdepiélagos,/programas/ruta-179/La-increible-maqueta-de-Valdepielagos-hecha-con-carton-y-pistachos-2-2628057205--20231227104900.html,programas,2023/12/27
Ruta 179: Valdeolmos-Alalpardo,/programas/ruta-179/Ruta-179-Valdeolmos-Alalpardo-2-2623257697--20231211105900.html,programas,2023/12/11
La asociación que repuebla los campos de Madrid,/programas/ruta-179/Reforest-Project-la-asociacion-que-repuebla-los-campos-de-la-Comunidad-de-Madrid-2-2625957423--20231220105700.html,programas,2023/12/20
Aperitoche el bar donde nacieron Los Secretos,/programas/nos-vemos-en-el-bar/Aperitoche-el-bar-donde-nacieron-Los-Secretos-2-2619658022--20231129102000.html,programas,2023/11/29
Café Central: el club de la música jazz en Madrid,/programas/nos-vemos-en-el-bar/Cafe-Central-el-club-historico-de-la-musica-jazz-en-Madrid-2-2619658023--20231129101700.html,programas,2023/11/29
Nos vemos en el bar: Música en vivo,/programas/nos-vemos-en-el-bar/Nos-vemos-en-el-bar-Musica-en-vivo-2-2613058726--20231107101000.html,programas,2023/11/07
Bar Casa Gregorio el museo al toreo de Móstoles,/programas/nos-vemos-en-el-bar/Bar-Casa-Gregorio-el-museo-al-toreo-de-Mostoles-2-2617258259--20231121104000.html,programas,2023/11/21
Bar La Tienta el corazón de las Ventas,/programas/nos-vemos-en-el-bar/Bar-La-Tienta-el-corazon-de-las-Ventas-2-2617258258--20231121103300.html,programas,2023/11/21
Nos vemos en el bar: Bares Taurinos,/programas/nos-vemos-en-el-bar/Nos-vemos-en-el-bar-Bares-Taurinos-2-2611858802--20231103103000.html,programas,2023/11/03
La Realidad una oda a los bares y los artistas,/programas/nos-vemos-en-el-bar/La-Realidad-una-oda-a-los-bares-y-los-artistas-2-2615458437--20231115104100.html,programas,2023/11/15
Estupenda bar el escenario de Twin Peaks en Malasaña,/programas/nos-vemos-en-el-bar/Estupenda-bar-el-escenario-de-Twin-Peaks-en-Malasana-2-2615458438--20231115104000.html,programas,2023/11/15
Nos vemos en el bar: Bares curiosos,/programas/nos-vemos-en-el-bar/Nos-vemos-en-el-bar-Bares-curiosos-2-2609159095--20231025103400.html,programas,2023/10/25
Bar Pintxo el punto de encuentro en  Villaviciosa de Odón,/programas/nos-vemos-en-el-bar/Bar-Pintxo-el-punto-de-encuentro-en-Villaviciosa-de-Odon-2-2613058677--20231107103400.html,programas,2023/11/07
Perretxico el bar de los pinchos vascos con un toque castizo y gourmet,/programas/nos-vemos-en-el-bar/Perretxico-el-bar-de-los-pinchos-vascos-con-un-toque-castizo-y-gourmet-2-2613058678--20231107103300.html,programas,2023/11/07
Nos vemos en el bar: Bares de pinchos,/programas/nos-vemos-en-el-bar/Nos-vemos-en-el-bar-Bares-de-pinchos-2-2608559208--20231023103000.html,programas,2023/10/23
